INSERT INTO Population_T (SUMLEV,REGION,DIVISION,STATE,NAME,CENSUS2010POP,ESTIMATESBASE2010,POPESTIMATE2010,POPESTIMATE2011,NPOPCHG_2010,NPOPCHG_2011,BIRTHS2010,BIRTHS2011,DEATHS2010,DEATHS2011,NATURALINC2010,NATURALINC2011,INTERNATIONALMIG2010,INTERNATIONALMIG2011,DOMESTICMIG2010,DOMESTICMIG2011,NETMIG2010,NETMIG2011,RESIDUAL2010,RESIDUAL2011,RBIRTH2011,RDEATH2011,RNATURALINC2011,RINTERNATIONALMIG2011,RDOMESTICMIG2011,RNETMIG2011) VALUES(10,-1, -1, 0, 'United States',308745538, 308745538, 309330219, 311591917, 584681, 2261698, 990000, 4008000, 595786, 2450126, 394214, 1557874, 190467, 703824, 0, 0, 190467, 703824, 0, 0, 12.90983126, 7.891894516, 5.017936742, 2.267028212, 2.267028212);

